"sampled_at_utc","scenario","requested_viewers","elapsed_seconds","active_viewers","fps_actual","frame_age_ms","outbound_mbps","jpeg_avg_bytes","jpeg_p50_bytes","jpeg_p95_bytes","first_frame_delay_ms","stream_first_frame_p95_ms","reconnect_p95_ms","dropped_frames_total","process_cpu_percent","process_working_set_mb"
"2026-07-20T10:58:04.7651054Z","video","1","1.04","1","2","291","5.889","214002","213379","213523","1425","9176",,"0","10.91","169.91"
"2026-07-20T10:58:05.8344497Z","video","1","2.158","1","1","632","2.309","214434","213379","213535","1425","9176",,"0","10.77","169.91"
"2026-07-20T10:58:06.8482917Z","video","1","3.168","1","2","223","2.315","215274","213381","213539","1425","9176",,"0","12.08","168.16"
"2026-07-20T10:58:07.8752694Z","video","1","4.194","1","1","545","4.595","215695","213381","213597","1425","9176",,"0","10.05","168.64"
"2026-07-20T10:58:08.8973930Z","video","1","5.221","1","1","129","2.326","216539","213381","214459","1425","9176",,"0","10.41","176.64"
"2026-07-20T10:58:09.9217530Z","video","1","6.244","1","2","418","4.77","217036","213382","214820","1425","9176",,"0","11.19","168.81"
"2026-07-20T10:58:10.9349140Z","video","1","7.256","1","1","42","2.512","217970","213383","215761","1425","9176",,"0","11.71","176.75"
"2026-07-20T10:58:11.9597612Z","video","1","8.279","1","2","380","4.608","218354","213383","299257","1425","9176",,"0","10.95","168.83"
"2026-07-20T10:58:13.0118158Z","video","1","9.334","1","1","17","2.312","219133","213383","302030","1425","9176",,"0","10.98","176.75"
"2026-07-20T10:58:14.0313253Z","video","1","10.352","1","1","347","2.305","219516","213383","302224","1425","9176",,"0","12.52","168.82"
"2026-07-20T10:58:15.0411394Z","video","1","11.365","1","2","670","4.542","219853","213383","302224","1425","9176",,"0","9.81","168.82"
"2026-07-20T10:58:16.0516456Z","video","1","12.375","1","1","271","2.449","220885","213384","302551","1425","9176",,"0","12.23","168.82"
"2026-07-20T10:58:17.0653726Z","video","1","13.389","1","2","577","4.944","221253","213387","302551","1425","9176",,"0","9.75","168.82"
"2026-07-20T10:58:18.0788091Z","video","1","14.4","1","1","189","2.311","221974","213388","302876","1425","9176",,"0","11.2","168.82"
"2026-07-20T10:58:19.0872727Z","video","1","15.411","1","2","501","4.601","222334","213388","302876","1425","9176",,"0","11.21","168.82"
"2026-07-20T10:58:20.1008521Z","video","1","16.422","1","1","134","2.239","223005","213388","302876","1425","9176",,"0","11.2","176.74"
"2026-07-20T10:58:21.1131600Z","video","1","17.433","1","1","418","2.31","223389","213389","302903","1425","9176",,"0","11.46","168.83"
"2026-07-20T10:58:22.1365662Z","video","1","18.459","1","2","50","5.015","224306","213390","303525","1425","9176",,"0","10.29","176.75"
"2026-07-20T10:58:23.1504449Z","video","1","19.47","1","1","365","2.364","224651","213390","303537","1425","9176",,"0","10.79","168.83"
"2026-07-20T10:58:24.1721249Z","video","1","20.495","1","2","7","4.637","225338","213392","303880","1425","9176",,"0","10.07","176.75"
"2026-07-20T10:58:25.1975748Z","video","1","21.519","1","1","324","2.323","225674","213392","303880","1425","9176",,"0","11.06","168.83"
"2026-07-20T10:58:26.2128895Z","video","1","22.536","1","2","650","4.61","225994","213392","303880","1425","9176",,"0","9.86","168.83"
"2026-07-20T10:58:27.2357938Z","video","1","23.558","1","1","282","2.302","226816","213393","304125","1425","9176",,"0","10.96","168.83"
"2026-07-20T10:58:28.2494827Z","video","1","24.573","1","1","605","2.628","227214","213395","304537","1425","9176",,"0","10.92","168.83"
"2026-07-20T10:58:29.2631889Z","video","1","25.585","1","2","236","4.77","227853","213395","304537","1425","9176",,"0","11.05","168.83"
"2026-07-20T10:58:30.2805157Z","video","1","26.6","1","1","561","2.312","228161","213395","304125","1425","9176",,"0","9.62","168.83"
"2026-07-20T10:58:31.3389806Z","video","1","27.66","1","2","235","4.604","228774","213397","304125","1425","9176",,"0","11.18","168.83"
"2026-07-20T10:58:32.3656690Z","video","1","28.685","1","1","571","2.312","229039","213397","304125","1425","9176",,"0","9.65","168.83"
"2026-07-20T10:58:33.3883642Z","video","1","29.709","1","2","198","4.772","229881","213401","304956","1425","9176",,"0","11.83","168.83"
"2026-07-20T10:58:34.4107784Z","video","1","30.733","1","1","529","2.534","230171","213401","304956","1425","9176",,"0","9.54","168.83"
"2026-07-20T10:58:35.4224463Z","video","1","31.745","1","2","139","4.6","230747","213402","304956","1425","9176",,"0","11.84","176.75"
"2026-07-20T10:58:36.4486014Z","video","1","32.769","1","1","469","2.3","231038","213403","304956","1425","9176",,"0","11.57","168.85"
"2026-07-20T10:58:37.4588075Z","video","1","33.78","1","1","56","2.315","231536","213404","304956","1425","9176",,"0","10.04","176.77"
"2026-07-20T10:58:38.4671247Z","video","1","34.791","1","2","345","4.478","231912","213404","309849","1425","9176",,"0","10.83","168.88"
"2026-07-20T10:58:39.4911530Z","video","1","35.814","1","1","618","2.489","232317","213404","310303","1425","9176",,"0","9.81","168.89"
"2026-07-20T10:58:40.5075701Z","video","1","36.827","1","2","224","4.855","232859","213405","310303","1425","9176",,"0","11.28","168.89"
"2026-07-20T10:58:41.5166777Z","video","1","37.84","1","1","535","2.296","233132","213405","310303","1425","9176",,"0","9.65","168.89"
"2026-07-20T10:58:42.5434452Z","video","1","38.864","1","1","140","2.311","233679","213406","310303","1425","9176",,"0","10.8","176.8"
"2026-07-20T10:58:43.5659401Z","video","1","39.888","1","2","475","4.634","233953","213406","310303","1425","9176",,"0","9.92","169.18"
"2026-07-20T10:58:44.5822903Z","video","1","40.903","1","1","107","2.323","234697","213409","320977","1425","9176",,"0","11.55","177.11"
"2026-07-20T10:58:45.6077347Z","video","1","41.929","1","2","435","5.054","234946","213409","320977","1425","9176",,"0","10.52","169.2"
"2026-07-20T10:58:46.6208363Z","video","1","42.942","1","1","31","2.287","235462","213410","320977","1425","9176",,"0","10.16","177.11"
"2026-07-20T10:58:47.6312197Z","video","1","43.954","1","1","353","2.319","235721","213410","320977","1425","9176",,"0","10.69","169.2"
"2026-07-20T10:58:48.6419711Z","video","1","44.966","1","1","662","2.248","235942","213410","320977","1425","9176",,"0","10.95","169.2"
"2026-07-20T10:58:49.6715062Z","video","1","45.976","1","2","300","4.75","236504","213411","320977","1425","9176","0","0","12.15","169.24"
"2026-07-20T10:58:50.6857386Z","video","1","47.005","1","1","602","5.079","236913","213411","321005","1425","9176","0","0","10.8","169.24"
"2026-07-20T10:58:51.7028782Z","video","1","48.027","2","1","866","2.939","237162","213411","321005","1425","9176","0","0","9.83","169.27"
"2026-07-20T10:58:52.7148165Z","video","1","49.038","2","2","269","4.937","237648","213412","321005","1425","9176","0","0","12.61","169.27"
"2026-07-20T10:58:53.7375516Z","video","1","50.059","2","1","583","2.855","237879","213413","321005","1425","9176","0","0","11.09","169.27"
"2026-07-20T10:58:54.7595604Z","video","1","51.082","2","2","208","4.915","238346","213414","321005","1425","9176","0","0","11.08","169.28"
"2026-07-20T10:58:55.7833584Z","video","1","52.106","2","1","540","3.105","238673","213414","321253","1425","9176","0","0","9.91","169.28"
"2026-07-20T10:58:56.8035344Z","video","1","53.128","2","1","141","2.934","239234","213414","325047","1425","9176","0","0","10.72","177.19"
"2026-07-20T10:58:57.8244154Z","video","1","54.144","2","2","423","4.753","239431","213415","325047","1425","9176","0","0","13.29","169.28"
"2026-07-20T10:58:58.8473323Z","video","1","55.17","2","1","57","2.925","239886","213415","321253","1425","9176","0","0","10.93","177.19"
"2026-07-20T10:58:59.8579729Z","video","1","56.18","2","2","376","4.87","240103","213415","321253","1425","9176","0","0","11.35","169.28"
"2026-07-20T10:59:00.8816824Z","video","1","57.204","2","1","695","2.901","240313","213416","321253","1425","9176","0","0","9.66","169.28"
"2026-07-20T10:59:01.9092790Z","video","1","58.227","2","1","263","2.742","240949","213419","325047","1425","9176","0","0","11.67","169.27"
"2026-07-20T10:59:02.9300239Z","video","1","59.251","2","2","578","5.572","241174","213419","325047","1425","9176","0","0","9.94","169.27"
"2026-07-20T10:59:03.9526782Z","video","1","60.273","1","1","220","2.489","241574","213419","325047","1425","9176","0","0","11.23","169.3"
"2026-07-20T10:59:04.9805748Z","video","1","61.3","11","2","497","6.771","241793","213420","325047","1425","8975","0","0","12.53","169.74"
"2026-07-20T10:59:06.0055319Z","video","1","62.327","11","1","32","6.322","242219","213420","325047","1425","8975","0","0","14.34","178.64"
"2026-07-20T10:59:07.0298479Z","video","1","63.351","11","1","341","7.319","242510","213420","326263","1425","8975","0","0","15.14","170.84"
"2026-07-20T10:59:08.0470595Z","video","1","64.368","11","2","648","10.731","242817","213421","327189","1425","8975","0","0","12.67","170.91"
"2026-07-20T10:59:09.0613264Z","video","1","65.384","11","1","203","6.138","243223","213422","327189","1425","8975","0","0","13.34","170.91"
"2026-07-20T10:59:10.0770674Z","video","1","66.396","11","2","507","10.17","243417","213422","327189","1425","8975","0","0","12.6","170.91"
"2026-07-20T10:59:11.0862620Z","video","1","67.41","11","1","78","5.436","243826","213423","327189","1425","8975","0","0","12.72","178.86"
"2026-07-20T10:59:12.0986861Z","video","1","68.422","11","1","390","5.517","243994","213426","327189","1425","8975","0","0","12.87","170.98"
"2026-07-20T10:59:13.1121944Z","video","1","69.435","11","2","684","10.381","244283","213426","327189","1425","8975","0","0","14.12","170.99"
"2026-07-20T10:59:14.1244927Z","video","1","70.447","11","1","276","5.965","244770","213428","328663","1425","8975","0","0","17.12","170.9"
"2026-07-20T10:59:15.1325831Z","video","1","71.456","11","2","563","10.573","244957","213429","328663","1425","8975","0","0","12.01","170.86"
"2026-07-20T10:59:16.1449916Z","video","1","72.466","11","1","167","5.402","245336","213435","328663","1425","8975","0","0","14.65","178.79"
"2026-07-20T10:59:17.1688662Z","video","1","73.491","11","1","487","6.958","245526","213435","328663","1425","8975","0","0","12.87","170.87"
"2026-07-20T10:59:18.1791162Z","video","1","74.501","1","2","98","8.677","245949","213436","328663","1425","8975","0","0","12.88","178.05"
"2026-07-20T10:59:19.3282455Z","video","1","75.526","10","1","469","5.301","246242","213437","329153","1425","8975","0","0","12.49","171.61"
"2026-07-20T10:59:20.4433074Z","video","1","76.663","17","2","132","9.649","246613","213438","329153","1425","8975","0","0","13.43","179.87"
"2026-07-20T10:59:21.6699390Z","video","1","77.787","17","0","661","3.245","246794","213438","329153","1425","8975","0","0","13.46","172.67"
"2026-07-20T10:59:23.3541258Z","video","1","79.006","17","0","200","3.245","247318","213441","329153","1425","5956","0","0","13.22","172.98"
"2026-07-20T10:59:25.1972313Z","video","1","80.687","17","2","617","11.633","247860","213442","331606","1425","5956","0","0","13.72","173.28"
"2026-07-20T10:59:26.5603351Z","video","1","82.532","25","2","558","10.494","248175","213442","331606","1425","5956","0","0","13.86","173.35"
"2026-07-20T10:59:27.8967504Z","video","1","83.899","25","1","473","4.464","248520","213443","330754","1425","7429","0","0","12.44","173.35"
"2026-07-20T10:59:29.8034006Z","video","1","85.235","30","1","267","3.308","249090","213443","330754","1425","8518","0","0","13.59","174.12"
"2026-07-20T10:59:30.9562977Z","video","1","87.146","33","2","701","15.146","249358","213449","331606","1425","8518","0","0","12.89","182.03"
"2026-07-20T10:59:32.5227532Z","video","1","88.302","33","3","156","11.306","249830","213449","331606","1425","8518","0","0","13.13","182.41"
"2026-07-20T10:59:34.2233777Z","video","1","89.868","33","0","436","6.075","250147","213452","331606","1425","8518","0","0","13.63","174.63"
